﻿designator,quantity,value,pack,mpn,mount_type
A1,1,Arduino_Nano_Every,Arduino_Nano,,tht
"C1, C5",2,0.1uF,C_0805_2012Metric_Pad1.18x1.45mm_HandSolder,,smt
C2,1,100nF,C_0805_2012Metric_Pad1.18x1.45mm_HandSolder,,smt
"C3, C4, C6",3,1uF,C_0805_2012Metric_Pad1.18x1.45mm_HandSolder,,smt
D1,1,PWR,LED_0805_2012Metric_Pad1.15x1.40mm_HandSolder,,smt
D10,1,m3_status,LED_0805_2012Metric_Pad1.15x1.40mm_HandSolder,,smt
D2,1,D,D_SOD-323F,,smt
D3,1,PD_LED,CSL0416WBCW1,,smt
D4,1,VEMD2023SLX01,XDCR_VEMD2023SLX01,,smt
D5,1,m1_pwr,LED_0805_2012Metric_Pad1.15x1.40mm_HandSolder,,smt
D6,1,m2_pwr,LED_0805_2012Metric_Pad1.15x1.40mm_HandSolder,,smt
D7,1,m3_pwr,LED_0805_2012Metric_Pad1.15x1.40mm_HandSolder,,smt
D8,1,m1_status,LED_0805_2012Metric_Pad1.15x1.40mm_HandSolder,,smt
D9,1,m2_status,LED_0805_2012Metric_Pad1.15x1.40mm_HandSolder,,smt
"H1, H2, H3, H4",4,MountingHole,MountingHole_3.2mm_M3,,tht
IC1,1,TLV9102IDR,SOIC127P600X175-8N,,smt
"J1, J2, J3, J4",4,Conn_01x01_Pin,PinHeader_1x01_P2.54mm_Vertical,,tht
J5,1,tia vs senseamp,PinSocket_1x03_P2.54mm_Vertical,,tht
J6,1,camera_connector,PinHeader_2x10_P2.54mm_Vertical,,tht
"Q1, Q2",2,DMN3404L,SOT-23,,smt
"R1, R11, R12, R14, R15, R16, R17, R18, R19, R2, R20, R21, R22, R23, R24, R25, R6, R7",18,100,R_0805_2012Metric_Pad1.20x1.40mm_HandSolder,,smt
"R10, R3, R4, R5, R8, R9",6,50,R_0805_2012Metric_Pad1.20x1.40mm_HandSolder,,smt
"R13, R30, R31, R34, R35, R36, R37, R38, R39, R40, R41",11,1k,R_0805_2012Metric_Pad1.20x1.40mm_HandSolder,,smt
R26,1,0.2,R_0805_2012Metric_Pad1.20x1.40mm_HandSolder,,smt
"R27, R28",2,4.7k,R_0805_2012Metric_Pad1.20x1.40mm_HandSolder,,smt
R29,1,0.04,R_0815_2038Metric_Pad1.20x4.05mm_HandSolder,,smt
R32,1,10k,R_0805_2012Metric_Pad1.20x1.40mm_HandSolder,,smt
R33,1,1,R_0805_2012Metric_Pad1.20x1.40mm_HandSolder,,smt
"S1, S2, S3, S4, S5, S6, S7, S8, S9",9,4-1437565-0,SW_4-1437565-0,,tht
S10,1,MHPS2266,DIPS450W80P200L600H1050Q6N,,tht
SW10,1,pwr_select,OS103011MA7QP1,,tht
"TP1, TP10, TP2, TP3, TP4, TP5, TP6, TP7, TP8, TP9",10,5115,5115,,tht
"U1, U3, U6",3,INA180A1,SOT-23-5,,smt
U4,1,MCP1703T-1802E/CB,SOT-23,,smt
U5,1,MAX30102,Maxim_OLGA-14_3.3x5.6mm_P0.8mm,,smt
U7,1,AD5593R,TSSOP-16_4.4x5mm_P0.65mm,,smt
kibuzzard-66690A5C,1,G***,kibuzzard-66690A5C,,tht
kibuzzard-66690A76,1,G***,kibuzzard-66690A76,,tht
kibuzzard-66690A8E,1,G***,kibuzzard-66690A8E,,tht
kibuzzard-66690AD5,1,G***,kibuzzard-66690AD5,,tht
kibuzzard-666A13FA,1,G***,kibuzzard-666A13FA,,tht
kibuzzard-666A140F,1,G***,kibuzzard-666A140F,,tht
kibuzzard-666A15EB,1,G***,kibuzzard-666A15EB,,tht
kibuzzard-666A1613,1,G***,kibuzzard-666A1613,,tht
kibuzzard-666A1764,1,G***,kibuzzard-666A1764,,tht
kibuzzard-666A176F,1,G***,kibuzzard-666A176F,,tht
kibuzzard-666A1C01,1,G***,kibuzzard-666A1C01,,tht
kibuzzard-666A1C15,1,G***,kibuzzard-666A1C15,,tht
kibuzzard-666A1C72,1,G***,kibuzzard-666A1C72,,tht
kibuzzard-666A1D09,1,G***,kibuzzard-666A1D09,,tht
kibuzzard-666A1E14,1,G***,kibuzzard-666A1E14,,tht
kibuzzard-666A1E29,1,G***,kibuzzard-666A1E29,,tht
kibuzzard-666A1E2E,1,G***,kibuzzard-666A1E2E,,tht
kibuzzard-666B1BA9,1,G***,kibuzzard-666B1BA9,,tht
"kibuzzard-666B1C5A, kibuzzard-666B1C5A, kibuzzard-666B1C5A, kibuzzard-666B1C5A, kibuzzard-666B1C5A, kibuzzard-666B1C5A, kibuzzard-666B1C5A, kibuzzard-666B1C5A, kibuzzard-666B1C5A, kibuzzard-666B1C5A, kibuzzard-666B1C5A, kibuzzard-666B1C5A, kibuzzard-666B1C5A, kibuzzard-666B1C5A, kibuzzard-666B1C5A, kibuzzard-666B1C5A, kibuzzard-666B1C5A, kibuzzard-666B1C5A",18,G***,kibuzzard-666B1C5A,,tht
"kibuzzard-666B1CC3, kibuzzard-666B1CC3, kibuzzard-666B1CC3, kibuzzard-666B1CC3, kibuzzard-666B1CC3, kibuzzard-666B1CC3",6,G***,kibuzzard-666B1CC3,,tht
kibuzzard-666B4306,1,G***,kibuzzard-666B4306,,tht
kibuzzard-666B45CE,1,G***,kibuzzard-666B45CE,,tht
kibuzzard-666B4604,1,G***,kibuzzard-666B4604,,tht
kibuzzard-666B4618,1,G***,kibuzzard-666B4618,,tht
kibuzzard-666B462C,1,G***,kibuzzard-666B462C,,tht
"kibuzzard-666B6DEA, kibuzzard-666B6DEA",2,G***,kibuzzard-666B6DEA,,tht
kibuzzard-666B70BB,1,G***,kibuzzard-666B70BB,,tht
kibuzzard-666B70CC,1,G***,kibuzzard-666B70CC,,tht
kibuzzard-666B7167,1,G***,kibuzzard-666B7167,,tht
