﻿pos_x,pos_y,rotation,side,designator,mpn,pack,value,mount_type,place
157.5,-93.0,180.0,top,A1,,Arduino_Nano,Arduino_Nano_Every,tht,True
195.072,-76.962,0.0,top,C1,,C_0805_2012Metric_Pad1.18x1.45mm_HandSolder,0.1uF,smt,True
186.944,-76.962,0.0,top,C2,,C_0805_2012Metric_Pad1.18x1.45mm_HandSolder,100nF,smt,True
204.344,-88.6245,-90.0,top,C3,,C_0805_2012Metric_Pad1.18x1.45mm_HandSolder,1uF,smt,True
212.344,-88.6245,-90.0,top,C4,,C_0805_2012Metric_Pad1.18x1.45mm_HandSolder,1uF,smt,True
209.074,-97.282,-90.0,top,C5,,C_0805_2012Metric_Pad1.18x1.45mm_HandSolder,0.1uF,smt,True
136.144,-60.96,-90.0,top,C6,,C_0805_2012Metric_Pad1.18x1.45mm_HandSolder,1uF,smt,True
125.984,-55.88,0.0,top,D1,,LED_0805_2012Metric_Pad1.15x1.40mm_HandSolder,PWR,smt,True
175.276,-93.614,180.0,top,D10,,LED_0805_2012Metric_Pad1.15x1.40mm_HandSolder,m3_status,smt,True
172.203,-74.422,180.0,top,D2,,D_SOD-323F,D,smt,True
174.768,-107.752,0.0,top,D3,,CSL0416WBCW1,PD_LED,smt,True
184.166,-107.822,-90.0,top,D4,,XDCR_VEMD2023SLX01,VEMD2023SLX01,smt,True
109.982,-69.31,0.0,top,D5,,LED_0805_2012Metric_Pad1.15x1.40mm_HandSolder,m1_pwr,smt,True
174.244,-58.642,180.0,top,D6,,LED_0805_2012Metric_Pad1.15x1.40mm_HandSolder,m2_pwr,smt,True
175.276,-88.614,180.0,top,D7,,LED_0805_2012Metric_Pad1.15x1.40mm_HandSolder,m3_pwr,smt,True
109.982,-74.31,0.0,top,D8,,LED_0805_2012Metric_Pad1.15x1.40mm_HandSolder,m1_status,smt,True
174.244,-63.642,180.0,top,D9,,LED_0805_2012Metric_Pad1.15x1.40mm_HandSolder,m2_status,smt,True
55.0,-55.0,0.0,top,H1,,MountingHole_3.2mm_M3,MountingHole,tht,True
55.0,-145.0,0.0,top,H2,,MountingHole_3.2mm_M3,MountingHole,tht,True
245.0,-55.0,0.0,top,H3,,MountingHole_3.2mm_M3,MountingHole,tht,True
245.0,-145.0,0.0,top,H4,,MountingHole_3.2mm_M3,MountingHole,tht,True
218.318,-73.66,0.0,top,IC1,,SOIC127P600X175-8N,TLV9102IDR,smt,True
110.236,-85.0,0.0,top,J1,,PinHeader_1x01_P2.54mm_Vertical,Conn_01x01_Pin,tht,True
110.236,-100.0,0.0,top,J2,,PinHeader_1x01_P2.54mm_Vertical,Conn_01x01_Pin,tht,True
110.236,-108.0,0.0,top,J3,,PinHeader_1x01_P2.54mm_Vertical,Conn_01x01_Pin,tht,True
110.236,-123.0,0.0,top,J4,,PinHeader_1x01_P2.54mm_Vertical,Conn_01x01_Pin,tht,True
194.31,-58.928,0.0,top,J5,,PinSocket_1x03_P2.54mm_Vertical,tia vs senseamp,tht,True
184.653,-121.92,0.0,top,J6,,PinHeader_2x10_P2.54mm_Vertical,camera_connector,tht,True
212.598,-63.246,180.0,top,Q1,,SOT-23,DMN3404L,smt,True
207.33,-74.7545,180.0,top,Q2,,SOT-23,DMN3404L,smt,True
70.0,-77.5,-90.0,top,R1,,R_0805_2012Metric_Pad1.20x1.40mm_HandSolder,100,smt,True
92.5,-100.0,0.0,top,R10,,R_0805_2012Metric_Pad1.20x1.40mm_HandSolder,50,smt,True
100.0,-77.5,-90.0,top,R11,,R_0805_2012Metric_Pad1.20x1.40mm_HandSolder,100,smt,True
100.0,-92.5,-90.0,top,R12,,R_0805_2012Metric_Pad1.20x1.40mm_HandSolder,100,smt,True
130.048,-55.88,180.0,top,R13,,R_0805_2012Metric_Pad1.20x1.40mm_HandSolder,1k,smt,True
72.266,-117.778,-90.0,top,R14,,R_0805_2012Metric_Pad1.20x1.40mm_HandSolder,100,smt,True
72.266,-129.778,-90.0,top,R15,,R_0805_2012Metric_Pad1.20x1.40mm_HandSolder,100,smt,True
78.266,-111.778,0.0,top,R16,,R_0805_2012Metric_Pad1.20x1.40mm_HandSolder,100,smt,True
78.266,-123.778,0.0,top,R17,,R_0805_2012Metric_Pad1.20x1.40mm_HandSolder,100,smt,True
78.266,-135.778,0.0,top,R18,,R_0805_2012Metric_Pad1.20x1.40mm_HandSolder,100,smt,True
84.266,-117.778,-90.0,top,R19,,R_0805_2012Metric_Pad1.20x1.40mm_HandSolder,100,smt,True
70.0,-92.5,-90.0,top,R2,,R_0805_2012Metric_Pad1.20x1.40mm_HandSolder,100,smt,True
84.266,-129.778,-90.0,top,R20,,R_0805_2012Metric_Pad1.20x1.40mm_HandSolder,100,smt,True
90.266,-111.778,0.0,top,R21,,R_0805_2012Metric_Pad1.20x1.40mm_HandSolder,100,smt,True
90.266,-123.778,0.0,top,R22,,R_0805_2012Metric_Pad1.20x1.40mm_HandSolder,100,smt,True
90.266,-135.778,0.0,top,R23,,R_0805_2012Metric_Pad1.20x1.40mm_HandSolder,100,smt,True
96.266,-117.778,-90.0,top,R24,,R_0805_2012Metric_Pad1.20x1.40mm_HandSolder,100,smt,True
96.266,-129.778,-90.0,top,R25,,R_0805_2012Metric_Pad1.20x1.40mm_HandSolder,100,smt,True
176.521,-74.422,0.0,top,R26,,R_0805_2012Metric_Pad1.20x1.40mm_HandSolder,0.2,smt,True
135.89,-75.184,0.0,top,R27,,R_0805_2012Metric_Pad1.20x1.40mm_HandSolder,4.7k,smt,True
135.89,-77.724,0.0,top,R28,,R_0805_2012Metric_Pad1.20x1.40mm_HandSolder,4.7k,smt,True
217.678,-63.5,0.0,top,R29,,R_0815_2038Metric_Pad1.20x4.05mm_HandSolder,0.04,smt,True
77.5,-70.0,0.0,top,R3,,R_0805_2012Metric_Pad1.20x1.40mm_HandSolder,50,smt,True
174.768,-102.348,-90.0,top,R30,,R_0805_2012Metric_Pad1.20x1.40mm_HandSolder,1k,smt,True
184.166,-102.856,90.0,top,R31,,R_0805_2012Metric_Pad1.20x1.40mm_HandSolder,1k,smt,True
208.312,-101.346,0.0,top,R32,,R_0805_2012Metric_Pad1.20x1.40mm_HandSolder,10k,smt,True
211.46,-72.39,-90.0,top,R33,,R_0805_2012Metric_Pad1.20x1.40mm_HandSolder,1,smt,True
109.982,-67.31,180.0,top,R34,,R_0805_2012Metric_Pad1.20x1.40mm_HandSolder,1k,smt,True
174.244,-56.642,0.0,top,R35,,R_0805_2012Metric_Pad1.20x1.40mm_HandSolder,1k,smt,True
217.678,-67.056,0.0,top,R36,,R_0805_2012Metric_Pad1.20x1.40mm_HandSolder,1k,smt,True
212.222,-75.692,0.0,top,R37,,R_0805_2012Metric_Pad1.20x1.40mm_HandSolder,1k,smt,True
175.276,-86.614,0.0,top,R38,,R_0805_2012Metric_Pad1.20x1.40mm_HandSolder,1k,smt,True
109.982,-76.31,180.0,top,R39,,R_0805_2012Metric_Pad1.20x1.40mm_HandSolder,1k,smt,True
77.5,-85.0,0.0,top,R4,,R_0805_2012Metric_Pad1.20x1.40mm_HandSolder,50,smt,True
174.244,-65.642,0.0,top,R40,,R_0805_2012Metric_Pad1.20x1.40mm_HandSolder,1k,smt,True
175.276,-95.614,0.0,top,R41,,R_0805_2012Metric_Pad1.20x1.40mm_HandSolder,1k,smt,True
77.5,-100.0,0.0,top,R5,,R_0805_2012Metric_Pad1.20x1.40mm_HandSolder,50,smt,True
85.0,-77.5,-90.0,top,R6,,R_0805_2012Metric_Pad1.20x1.40mm_HandSolder,100,smt,True
85.0,-92.5,-90.0,top,R7,,R_0805_2012Metric_Pad1.20x1.40mm_HandSolder,100,smt,True
92.5,-70.0,0.0,top,R8,,R_0805_2012Metric_Pad1.20x1.40mm_HandSolder,50,smt,True
92.5,-85.0,0.0,top,R9,,R_0805_2012Metric_Pad1.20x1.40mm_HandSolder,50,smt,True
70.0,-70.0,0.0,top,S1,,SW_4-1437565-0,4-1437565-0,tht,True
170.466,-124.678,90.0,top,S10,,DIPS450W80P200L600H1050Q6N,MHPS2266,tht,True
70.0,-85.0,0.0,top,S2,,SW_4-1437565-0,4-1437565-0,tht,True
70.0,-100.0,0.0,top,S3,,SW_4-1437565-0,4-1437565-0,tht,True
85.0,-70.0,0.0,top,S4,,SW_4-1437565-0,4-1437565-0,tht,True
85.0,-85.0,0.0,top,S5,,SW_4-1437565-0,4-1437565-0,tht,True
85.0,-100.0,0.0,top,S6,,SW_4-1437565-0,4-1437565-0,tht,True
100.0,-70.0,0.0,top,S7,,SW_4-1437565-0,4-1437565-0,tht,True
100.0,-85.0,0.0,top,S8,,SW_4-1437565-0,4-1437565-0,tht,True
100.0,-100.0,0.0,top,S9,,SW_4-1437565-0,4-1437565-0,tht,True
146.0,-143.0,0.0,top,SW10,,OS103011MA7QP1,pwr_select,tht,True
72.266,-111.778,0.0,top,TP1,,5115,5115,tht,True
204.724,-107.442,0.0,top,TP10,,5115,5115,tht,True
72.266,-123.778,0.0,top,TP2,,5115,5115,tht,True
72.266,-135.778,0.0,top,TP3,,5115,5115,tht,True
84.266,-111.778,0.0,top,TP4,,5115,5115,tht,True
84.266,-123.778,0.0,top,TP5,,5115,5115,tht,True
84.266,-135.778,0.0,top,TP6,,5115,5115,tht,True
96.266,-111.778,0.0,top,TP7,,5115,5115,tht,True
96.266,-123.778,0.0,top,TP8,,5115,5115,tht,True
96.266,-135.778,0.0,top,TP9,,5115,5115,tht,True
174.489,-71.12,0.0,top,U1,,SOT-23-5,INA180A1,smt,True
217.668,-59.055,0.0,top,U3,,SOT-23-5,INA180A1,smt,True
208.344,-87.3545,180.0,top,U4,,SOT-23,MCP1703T-1802E/CB,smt,True
214.154,-99.822,180.0,top,U5,,Maxim_OLGA-14_3.3x5.6mm_P0.8mm,MAX30102,smt,True
188.23,-101.852,0.0,top,U6,,SOT-23-5,INA180A1,smt,True
191.008,-72.898,0.0,top,U7,,TSSOP-16_4.4x5mm_P0.65mm,AD5593R,smt,True
117.856,-69.342,0.0,top,kibuzzard-66690A5C,,kibuzzard-66690A5C,G***,tht,False
118.364,-74.168,0.0,top,kibuzzard-66690A76,,kibuzzard-66690A76,G***,tht,False
119.888,-144.526,0.0,top,kibuzzard-66690A8E,,kibuzzard-66690A8E,G***,tht,False
71.12,-61.722,0.0,top,kibuzzard-66690AD5,,kibuzzard-66690AD5,G***,tht,False
182.118,-58.674,0.0,top,kibuzzard-666A13FA,,kibuzzard-666A13FA,G***,tht,False
182.626,-63.5,0.0,top,kibuzzard-666A140F,,kibuzzard-666A140F,G***,tht,False
181.61,-53.594,0.0,top,kibuzzard-666A15EB,,kibuzzard-666A15EB,G***,tht,False
230.632,-80.01,0.0,top,kibuzzard-666A1613,,kibuzzard-666A1613,G***,tht,False
183.15,-88.646,0.0,top,kibuzzard-666A1764,,kibuzzard-666A1764,G***,tht,False
183.658,-93.726,0.0,top,kibuzzard-666A176F,,kibuzzard-666A176F,G***,tht,False
174.498,-82.296,0.0,top,kibuzzard-666A1C01,,kibuzzard-666A1C01,G***,tht,False
231.394,-114.3,0.0,top,kibuzzard-666A1C15,,kibuzzard-666A1C15,G***,tht,False
171.958,-117.094,0.0,top,kibuzzard-666A1C72,,kibuzzard-666A1C72,G***,tht,False
119.888,-55.88,0.0,top,kibuzzard-666A1D09,,kibuzzard-666A1D09,G***,tht,False
145.542,-133.858,90.0,top,kibuzzard-666A1E14,,kibuzzard-666A1E14,G***,tht,False
150.114,-133.858,90.0,top,kibuzzard-666A1E29,,kibuzzard-666A1E29,G***,tht,False
154.686,-133.858,90.0,top,kibuzzard-666A1E2E,,kibuzzard-666A1E2E,G***,tht,False
94.742,-55.88,0.0,top,kibuzzard-666B1BA9,,kibuzzard-666B1BA9,G***,tht,False
90.198,-137.414,0.0,top,kibuzzard-666B1C5A,,kibuzzard-666B1C5A,G***,tht,False
78.26,-137.414,0.0,top,kibuzzard-666B1C5A,,kibuzzard-666B1C5A,G***,tht,False
90.198,-125.476,0.0,top,kibuzzard-666B1C5A,,kibuzzard-666B1C5A,G***,tht,False
78.26,-125.476,0.0,top,kibuzzard-666B1C5A,,kibuzzard-666B1C5A,G***,tht,False
90.198,-113.538,0.0,top,kibuzzard-666B1C5A,,kibuzzard-666B1C5A,G***,tht,False
78.26,-113.538,0.0,top,kibuzzard-666B1C5A,,kibuzzard-666B1C5A,G***,tht,False
94.516,-129.794,90.0,top,kibuzzard-666B1C5A,,kibuzzard-666B1C5A,G***,tht,False
82.578,-129.794,90.0,top,kibuzzard-666B1C5A,,kibuzzard-666B1C5A,G***,tht,False
70.64,-129.794,90.0,top,kibuzzard-666B1C5A,,kibuzzard-666B1C5A,G***,tht,False
94.516,-117.856,90.0,top,kibuzzard-666B1C5A,,kibuzzard-666B1C5A,G***,tht,False
82.578,-117.856,90.0,top,kibuzzard-666B1C5A,,kibuzzard-666B1C5A,G***,tht,False
70.64,-117.856,90.0,top,kibuzzard-666B1C5A,,kibuzzard-666B1C5A,G***,tht,False
98.298,-92.456,90.0,top,kibuzzard-666B1C5A,,kibuzzard-666B1C5A,G***,tht,False
83.312,-92.456,90.0,top,kibuzzard-666B1C5A,,kibuzzard-666B1C5A,G***,tht,False
68.326,-92.456,90.0,top,kibuzzard-666B1C5A,,kibuzzard-666B1C5A,G***,tht,False
98.298,-77.47,90.0,top,kibuzzard-666B1C5A,,kibuzzard-666B1C5A,G***,tht,False
83.312,-77.47,90.0,top,kibuzzard-666B1C5A,,kibuzzard-666B1C5A,G***,tht,False
68.326,-77.47,90.0,top,kibuzzard-666B1C5A,,kibuzzard-666B1C5A,G***,tht,False
92.456,-101.854,0.0,top,kibuzzard-666B1CC3,,kibuzzard-666B1CC3,G***,tht,False
77.47,-101.854,0.0,top,kibuzzard-666B1CC3,,kibuzzard-666B1CC3,G***,tht,False
92.456,-86.614,0.0,top,kibuzzard-666B1CC3,,kibuzzard-666B1CC3,G***,tht,False
77.47,-86.614,0.0,top,kibuzzard-666B1CC3,,kibuzzard-666B1CC3,G***,tht,False
92.456,-71.628,0.0,top,kibuzzard-666B1CC3,,kibuzzard-666B1CC3,G***,tht,False
77.47,-71.628,0.0,top,kibuzzard-666B1CC3,,kibuzzard-666B1CC3,G***,tht,False
191.516,-69.342,0.0,top,kibuzzard-666B4306,,kibuzzard-666B4306,G***,tht,False
100.584,-105.41,0.0,top,kibuzzard-666B45CE,,kibuzzard-666B45CE,G***,tht,False
100.33,-141.478,0.0,top,kibuzzard-666B4604,,kibuzzard-666B4604,G***,tht,False
72.136,-108.458,0.0,top,kibuzzard-666B4618,,kibuzzard-666B4618,G***,tht,False
96.266,-138.938,0.0,top,kibuzzard-666B462C,,kibuzzard-666B462C,G***,tht,False
204.724,-74.676,90.0,top,kibuzzard-666B6DEA,,kibuzzard-666B6DEA,G***,tht,False
210.058,-63.246,90.0,top,kibuzzard-666B6DEA,,kibuzzard-666B6DEA,G***,tht,False
201.676,-58.674,0.0,top,kibuzzard-666B70BB,,kibuzzard-666B70BB,G***,tht,False
198.882,-64.262,0.0,top,kibuzzard-666B70CC,,kibuzzard-666B70CC,G***,tht,False
150.368,-118.872,0.0,top,kibuzzard-666B7167,,kibuzzard-666B7167,G***,tht,False
